David Aguirre,4036675410,David Aguirre@gmail.com
John Lynch,4036675413,John Lynch@gmail.com
Patricia Nguyen,4036675416,Patricia Nguyen@gmail.com
Donald Andrews,4036675419,Donald Andrews@gmail.com
Tamara Hernandez,4036675422,Tamara Hernandez@gmail.com
Kevin Hayes,4036675425,Kevin Hayes@gmail.com
Robert Stevenson,4036675428,Robert Stevenson@gmail.com
Andrew Lawson,4036675431,Andrew Lawson@gmail.com
Jessica Guerrero,4036675434,Jessica Guerrero@gmail.com
Carol Wang,4036675437,Carol Wang@gmail.com
Christina Brown,4036675440,Christina Brown@gmail.com
Gregory Richards,4036675443,Gregory Richards@gmail.com
Crystal Williams,4036675446,Crystal Williams@gmail.com
Lisa Bush,4036675449,Lisa Bush@gmail.com
Chelsea Anderson,4036675452,Chelsea Anderson@gmail.com
Patrick Buck,4036675455,Patrick Buck@gmail.com
Ashley Buchanan,4036675458,Ashley Buchanan@gmail.com
Mark Williams,4036675461,Mark Williams@gmail.com
Kristy Ramos,4036675464,Kristy Ramos@gmail.com
Amanda Gonzalez,4036675467,Amanda Gonzalez@gmail.com
Scott Russell,4036675470,Scott Russell@gmail.com
Jacob Young,4036675473,Jacob Young@gmail.com
Maria Grant,4036675476,Maria Grant@gmail.com
Edward Alexander,4036675479,Edward Alexander@gmail.com
Joshua Rojas,4036675482,Joshua Rojas@gmail.com
William Manning,4036675485,William Manning@gmail.com
James Shaw,4036675488,James Shaw@gmail.com
Timothy Morris,4036675491,Timothy Morris@gmail.com
Alyssa Collins,4036675494,Alyssa Collins@gmail.com
Michael Carter,4036675497,Michael Carter@gmail.com
Christopher Moore,4036675500,Christopher Moore@gmail.com
Reginald Watkins,4036675503,Reginald Watkins@gmail.com
Bryan Weaver,4036675506,Bryan Weaver@gmail.com
Diane Wang,4036675509,Diane Wang@gmail.com
Shirley Evans,4036675512,Shirley Evans@gmail.com
Lisa Smith,4036675515,Lisa Smith@gmail.com
Cindy Lawson,4036675518,Cindy Lawson@gmail.com
Andrew Yoder,4036675521,Andrew Yoder@gmail.com
Ariel Kerr,4036675524,Ariel Kerr@gmail.com
Donna Martin,4036675527,Donna Martin@gmail.com
Sara Houston,4036675530,Sara Houston@gmail.com
Michael Richardson,4036675533,Michael Richardson@gmail.com
Ann Brown,4036675536,Ann Brown@gmail.com
David Castillo,4036675539,David Castillo@gmail.com
Adam Alvarado,4036675542,Adam Alvarado@gmail.com
Peggy Freeman,4036675545,Peggy Freeman@gmail.com
Anthony Simpson,4036675548,Anthony Simpson@gmail.com
Maureen Cummings,4036675551,Maureen Cummings@gmail.com
Richard Austin,4036675554,Richard Austin@gmail.com
Michael Dean,4036675557,Michael Dean@gmail.com
Matthew Nash,4036675560,Matthew Nash@gmail.com
Katrina Holland,4036675563,Katrina Holland@gmail.com
Benjamin Diaz,4036675566,Benjamin Diaz@gmail.com
Elizabeth Roberts,4036675569,Elizabeth Roberts@gmail.com
Matthew Lee,4036675572,Matthew Lee@gmail.com
Susan Anderson,4036675575,Susan Anderson@gmail.com
Sean Riley,4036675578,Sean Riley@gmail.com
Ricky Cummings,4036675581,Ricky Cummings@gmail.com
Melissa Conway,4036675584,Melissa Conway@gmail.com
Brian Reese Jr.,4036675587,Brian Reese Jr.@gmail.com
Timothy Romero,4036675590,Timothy Romero@gmail.com
Michael Pearson MD,4036675593,Michael Pearson MD@gmail.com
Michael Ramirez,4036675596,Michael Ramirez@gmail.com
Nina Perez,4036675599,Nina Perez@gmail.com
Jessica Evans,4036675602,Jessica Evans@gmail.com
Daniel Hale,4036675605,Daniel Hale@gmail.com
Joseph Daniels,4036675608,Joseph Daniels@gmail.com
Angela Fernandez,4036675611,Angela Fernandez@gmail.com
Randall Bailey,4036675614,Randall Bailey@gmail.com
Geoffrey Wheeler,4036675617,Geoffrey Wheeler@gmail.com
Arthur Williams,4036675620,Arthur Williams@gmail.com
Tracy Mclaughlin,4036675623,Tracy Mclaughlin@gmail.com
Lisa Burton,4036675626,Lisa Burton@gmail.com
Jordan Morrison,4036675629,Jordan Morrison@gmail.com
Nicholas Lee,4036675632,Nicholas Lee@gmail.com
Troy Moody,4036675635,Troy Moody@gmail.com
Tammy Kaiser,4036675638,Tammy Kaiser@gmail.com
Sean Hooper,4036675641,Sean Hooper@gmail.com
Bradley Hughes,4036675644,Bradley Hughes@gmail.com
Heather Ward,4036675647,Heather Ward@gmail.com
Dakota Stevens,4036675650,Dakota Stevens@gmail.com
Alicia Wallace,4036675653,Alicia Wallace@gmail.com
Kristin Ramirez,4036675656,Kristin Ramirez@gmail.com
Christopher Medina,4036675659,Christopher Medina@gmail.com
Daniel Zamora,4036675662,Daniel Zamora@gmail.com
Thomas Thompson,4036675665,Thomas Thompson@gmail.com
Tiffany Bauer,4036675668,Tiffany Bauer@gmail.com
Reginald Garcia,4036675671,Reginald Garcia@gmail.com
Sandra Moore,4036675674,Sandra Moore@gmail.com
Jason Mathews,4036675677,Jason Mathews@gmail.com
Thomas Russell,4036675680,Thomas Russell@gmail.com
James Burns,4036675683,James Burns@gmail.com
James Taylor,4036675686,James Taylor@gmail.com
Gene Allison,4036675689,Gene Allison@gmail.com
Bryan Cox,4036675692,Bryan Cox@gmail.com
Alexis Flores,4036675695,Alexis Flores@gmail.com
Kayla Garner,4036675698,Kayla Garner@gmail.com
Anthony Russell,4036675701,Anthony Russell@gmail.com
Jennifer Cox,4036675704,Jennifer Cox@gmail.com
Lauren Fernandez,4036675707,Lauren Fernandez@gmail.com
Christopher Rodriguez,4036675710,Christopher Rodriguez@gmail.com
Alan Anderson,4036675713,Alan Anderson@gmail.com
Kenneth Buck,4036675716,Kenneth Buck@gmail.com
Jonathan Watson,4036675719,Jonathan Watson@gmail.com
Christopher Johnson,4036675722,Christopher Johnson@gmail.com
Roberto Black,4036675725,Roberto Black@gmail.com
Mark Cardenas,4036675728,Mark Cardenas@gmail.com
Dylan Williamson,4036675731,Dylan Williamson@gmail.com
Benjamin Salas,4036675734,Benjamin Salas@gmail.com
George Oliver,4036675737,George Oliver@gmail.com
Michael Harmon,4036675740,Michael Harmon@gmail.com
Erika Adams,4036675743,Erika Adams@gmail.com
Evan Smith,4036675746,Evan Smith@gmail.com
Colin Zavala,4036675749,Colin Zavala@gmail.com
Jasmine Smith,4036675752,Jasmine Smith@gmail.com
Robert Fox,4036675755,Robert Fox@gmail.com
Brett Jackson,4036675758,Brett Jackson@gmail.com
Debra Saunders,4036675761,Debra Saunders@gmail.com
Andrew Mcdonald,4036675764,Andrew Mcdonald@gmail.com
Christopher Porter MD,4036675767,Christopher Porter MD@gmail.com
Suzanne Perez,4036675770,Suzanne Perez@gmail.com
James Mccormick,4036675773,James Mccormick@gmail.com
Lauren Carter,4036675776,Lauren Carter@gmail.com
Gary Padilla,4036675779,Gary Padilla@gmail.com
Morgan Cochran,4036675782,Morgan Cochran@gmail.com
Luis Davis,4036675785,Luis Davis@gmail.com
Katherine Robertson,4036675788,Katherine Robertson@gmail.com
Jill Cisneros,4036675791,Jill Cisneros@gmail.com
Stacy Mcgee,4036675794,Stacy Mcgee@gmail.com
Kristopher Lopez,4036675797,Kristopher Lopez@gmail.com
Beverly Smith,4036675800,Beverly Smith@gmail.com
Jennifer Lee,4036675803,Jennifer Lee@gmail.com
Alicia Morrison,4036675806,Alicia Morrison@gmail.com
Daniel Kennedy,4036675809,Daniel Kennedy@gmail.com
Christian Blair,4036675812,Christian Blair@gmail.com
Steve Black,4036675815,Steve Black@gmail.com
David Jensen,4036675818,David Jensen@gmail.com
Amanda Leonard,4036675821,Amanda Leonard@gmail.com
Jasmine Nolan,4036675824,Jasmine Nolan@gmail.com
Mallory Perry,4036675827,Mallory Perry@gmail.com
Sandra Watts,4036675830,Sandra Watts@gmail.com
Jason Miller,4036675833,Jason Miller@gmail.com
Amanda Johnson,4036675836,Amanda Johnson@gmail.com
Laura Bell,4036675839,Laura Bell@gmail.com
Benjamin Moreno,4036675842,Benjamin Moreno@gmail.com
Crystal Fernandez,4036675845,Crystal Fernandez@gmail.com
Robert Pineda,4036675848,Robert Pineda@gmail.com
Eric Anderson,4036675851,Eric Anderson@gmail.com
Joshua Jones,4036675854,Joshua Jones@gmail.com
Steven Lopez,4036675857,Steven Lopez@gmail.com
Edwin Lawson,4036675860,Edwin Lawson@gmail.com
Kathy Daniels,4036675863,Kathy Daniels@gmail.com
Mr. Brian Day,4036675866,Mr. Brian Day@gmail.com
Aaron Tate,4036675869,Aaron Tate@gmail.com
Deanna Frye,4036675872,Deanna Frye@gmail.com
Gary Anderson,4036675875,Gary Anderson@gmail.com
Patrick Turner,4036675878,Patrick Turner@gmail.com
Adam Guzman,4036675881,Adam Guzman@gmail.com
Judy Butler,4036675884,Judy Butler@gmail.com
William Rodriguez,4036675887,William Rodriguez@gmail.com
Spencer Welch,4036675890,Spencer Welch@gmail.com
Jenny Steele,4036675893,Jenny Steele@gmail.com
Nathan Smith,4036675896,Nathan Smith@gmail.com
Cody Peters,4036675899,Cody Peters@gmail.com
Jennifer Smith,4036675902,Jennifer Smith@gmail.com
David Cline,4036675905,David Cline@gmail.com
Christopher Pratt,4036675908,Christopher Pratt@gmail.com
Tyler Harris,4036675911,Tyler Harris@gmail.com
Madison Reeves,4036675914,Madison Reeves@gmail.com
David Porter,4036675917,David Porter@gmail.com
Joseph Flowers,4036675920,Joseph Flowers@gmail.com
Anthony Huerta,4036675923,Anthony Huerta@gmail.com
James Clark,4036675926,James Clark@gmail.com
Brittany Velez,4036675929,Brittany Velez@gmail.com
Destiny Thomas,4036675932,Destiny Thomas@gmail.com
Karen Wright,4036675935,Karen Wright@gmail.com
Taylor Sloan,4036675938,Taylor Sloan@gmail.com
Jacqueline Montgomery,4036675941,Jacqueline Montgomery@gmail.com
Derek Scott,4036675944,Derek Scott@gmail.com
Cheryl Frazier,4036675947,Cheryl Frazier@gmail.com
Jennifer Gutierrez,4036675950,Jennifer Gutierrez@gmail.com
Claudia Brooks,4036675953,Claudia Brooks@gmail.com
Joseph Carter,4036675956,Joseph Carter@gmail.com
Pamela Jenkins,4036675959,Pamela Jenkins@gmail.com
Amy Lewis,4036675962,Amy Lewis@gmail.com
Nina Barajas,4036675965,Nina Barajas@gmail.com
Jessica Smith,4036675968,Jessica Smith@gmail.com
Micheal Wilson,4036675971,Micheal Wilson@gmail.com
Christina Case,4036675974,Christina Case@gmail.com
Martin Flores,4036675977,Martin Flores@gmail.com
Kenneth Humphrey,4036675980,Kenneth Humphrey@gmail.com
Erica Bradley,4036675983,Erica Bradley@gmail.com
Jennifer Kelly,4036675986,Jennifer Kelly@gmail.com
Erica Cain,4036675989,Erica Cain@gmail.com
Stephen Thomas,4036675992,Stephen Thomas@gmail.com
Patricia Aguirre,4036675995,Patricia Aguirre@gmail.com
Kevin Cole,4036675998,Kevin Cole@gmail.com
Rachel Harrington,4036676001,Rachel Harrington@gmail.com
Jennifer Wallace,4036676004,Jennifer Wallace@gmail.com
David Roman,4036676007,David Roman@gmail.com
